name,info
a,对象代码库文件
aac,高级音频编码(Advanced Audio Codin)
aam,Authorware shocked文件
aas,Authorware shocked包
abf,Adobe二进制屏幕字体
abk,CorelDRAW自动备份文件
abs,"该类文件有时用于指示一个摘要（就像在一篇有关科学方面的文章的一个摘要或概要,取自abstract）"
accountpicture-ms,用户头像
ace,Ace压缩文件格式
am,Windows系统目录文件
acp,Microsoft office助手预览文件
act,Microsoft office助手文件
ad,After Dark屏幕保护程序
ada,Ada源文件（非-GNAT）
adb,Ada源文件主体（GNAT）；HP100LX组织者的约定数据库
adf,Amiga磁盘文件
adi,AutoCAD设备无关二进制绘图仪格式
adm,After Dark多模块屏幕保护；Windows NT策略模板
adp,FaxWork用于传真调制解调器的交互安装文件；Astound Dynamite文件
ads,After Dark随机屏幕保护；Smart Address的地址簿
afm,Ada源文件说明书（GNAT）
"af2,af3",Adobe的字体尺度
ai,ABC的FlowChat文件
"aiaif,aiff",Adobe Illustrator格式图形
aifc,"音频互交换文件,Silicon Graphic and Macintosh应用程序的声音格式"
aim,压缩AIF
ais,AOL即时信息传送
akw,ACDSee图形序列文件；Velvet Studio设备文件
alb,RoboHELP的帮助工程中所有A-关键词
ams,艺术与书信库
anc,Velvet Studio音乐模块（MOD）文件；Extreme的Tracker模块文件
ani,"Canon Computer的调色板文件,包含一系列可选的颜色板"
ans,Windows系统中的动画光标
atn,ANSI文本文件
ant,SimAnt For Windows中保存的游戏文件
api,Adobe Acrobat使用的应用程序设计接口文件
apk,安卓安装包
aps,Microsoft Visual C++文件
ari,Aristotle声音文件
arj,Robert Jung ARJ压缩包文件
art,Xara Studio绘画文件；Canon Crayola美术文件；Clip Art文件格式；另一种光线跟踪格式；AOL使用的用Johnson-Grace压缩算法压缩的标记文件
asa,Microsoft Visual InterDev文件
asc,ASCⅡ文本文件；PGP算法加密文件
asd,"Microsoft Word的自动保存文件；Microsoft高级流媒体格式（microsoft advanced streaming format,ASF）的描述文件；可用NSREX打开 Velvet Studio例子文件"
ase,Velvet Studio采样文件
asf,Microsoft高级流媒体格式文件
asm,"汇编语言源文件,Pro,E装配文件"
aso,Astound Dynamite对象文件
asp,动态网页文件；ProComm Plus安装与连接脚本文件；Astound介绍文件
asv,DataCAD自动保存文件
asx,"Cheyenne备份脚本文件；Microsoft高级流媒体重定向器文件,视频文件"
atw,来自个人软件的Any Time Deluxe For Windows个人信息管理员文件
au,"Sun,NeXT,DEC,UNIX声音文件；音频U-Law（读作“mu-law”）文件格式"
avb,Computer Associates Inoculan反病毒软件的病毒感染后文件
avi,Microsoft Audio Video Interleave电影格式
avr,Audio Visual Research文件格式
avs,应用程序可视化格式
awd,FaxVien文档
awr,Telsis数字储存音频文件扩展名格式
axx,"ARJ压缩文件的分包序号文件,用于将一个大文件压至几个小的压缩包中（xx取01-99的数字）"
"a3m,a4m",Authorware Macintosh未打包文件
a4p,Authorware无运行时间的打包文件
"a3w,a4w,a5w",未打包的Authorware Windows文件
bak,备份文件
bas,BASIC源文件
bat,批处理文件
bdf,West Point Bridger Designer文件
bgl,Microsoft Flight Simulator（微软飞行模拟器）的视景文件
bi,二进制文件
bif,Group Wise的初始化文件
biff,XLIFE 3D格式文件
bin,二进制文件
"bk,bk$",有时用于代表备份版本
bks,IBM BookManager Read书架文件
bmk,书签文件
bmp,"Windows或OS,2位图文件"
book,Adobe FrameMaker Book文件
brx,用于查看多媒体对象目录的文件
bsp,Quake图形文件
btm,Norton 应用程序使用的批处理文件
bud,Quicken的备份磁盘
bun,CakeWalk 声音捆绑文件（一种MIDI程序）
bw,SGI黑白图像文件
bwv,商业波形文件
c,C代码文件
cab,Microsoft压缩文件
cad,Softdek的Drafix CAD文件
cal,CALS压缩位图；日历计划表数据
cap,压缩音乐文件格式
cas,逗号分开的ASCⅡ文件
cb,Microsoft干净引导文件
cc,Visual dBASE用户自定义类文件
ccb,Visual Basic动态按钮配置文件
cch,Corel图表文件
cco,CyberChat数据文件
cct,Macromedia Director Shockwave投影
cda,CD音频轨道
cdf,Microsoft频道定义格式文件
cdi,Philip的高密盘交互格式
cdm,Visual dBASE自定义数据模块文件
cdr,CorelDRAW绘图文件；原始音频CD数据文件
cdt,CorelDRAW模板
cdx,CorelDRAW压缩绘图文件；Microsoft Visual FoxPro索引文件
cfg,配置文件
cgi,公共网关接口脚本文件
cgm,计算机图形元文件
chk,由Windows磁盘碎片整理器或磁盘扫描保存的文件碎片
chm,编译过的HTML文件
chr,字符集（字体文件）
cif,Adaptec CD 创建器 CD映像文件
cil,Clip Gallery下载包
class,Java类文件
cll,Crick Software Clicker文件
clp,Windows 剪贴板文件
cls,Visual Basic类文件
clss,Java可执行文件
cmd,Windows批处理文件
cmf,Corel元文件
cmv,Corel Move动画文件
cmx,Corel Presentation Exchange图像
cnf,"Telnet,Windows和其他其内格式会发生改变的应用程序使用的配置文件"
cnm,Windows应用程序菜单选项和安装文件
cnt,Windows（或其他）系统用于帮助索引或其他目的内容文件
cod,"Microsoft C编译器产生的可显示机器码,汇编代码文件,其中附有源C代码作为注释"
conf,配置文件
cpl,"控制面板扩展名,Corel颜色板"
cpo,Corel打印存储文件
cpp,C++代码文件
cpr,Corel提供说明书文件
cpt,Corel 照片-绘画图像
cpx,Corel Presentation Exchange压缩图形文件
crd,Windows Cardfile文件
crp,Corel 提供的运行时介绍文件；Visual dBASE自定义报表文件
crt,认证文件
csc,Corel脚本文件
csp,PC Emcee On_Screen图像
cst,Macromedia Director Cast文件
csv,逗号分隔的值文件
ctl,通常用于表示一个包含控件信息的文件；FaxWork用它来保持有关每个传真收到或发出的信息
cur,Windows光标文件
cv,Corel版本的档案文件；Microsoft CodeView信息屏幕文件
cxx,C++源代码文件
dbc,数据文件；WrodPerfect合并数据文件；用于一些MPEG格式的文件
dbf,Borland的Paradox 7表
dbx,Microsoft Visual FoxPro数据库容器文件
dcm,dBASE文件
dcp,数字电影包
dcs,DataBearn图像；Microsoft Visual FoxPro表格文件
dct,DCM模块格式文件
dcu,桌面颜色分隔文件
dcx,Microsoft Visual FoxPro数据库容器
dem,Delphi编译单元文件
der,认证文件
dewf,"Macintosh Sound Cap,Sound Edit录音设备格式"
dib,设备无关位图
dic,目录
do,java文件格式
dif,可进行数据互换的电子表格
dig,DigiLink格式；Sound DesignerⅠ音频文件
dir,Macromedia Director文件
diz,描述文件
dlg,C++对话框脚本文件
dll,应用程序扩展动态链接库
dls,可下载声音文件
dmd,Visual dBASE数据模块文件
dmf,X-Trakker音乐模块（MOD）文件
doc,Microsoft Office Word 97-2003 文档
docx,Microsoft Office Word 2007 文档
dot,Microsoft Word文档模板
dpx,光栅图像格式
draw,Acorn的基于对象的矢量图像文件
drv,驱动程序
drw,"Micrografx Designer,Draw；Pro,E绘画文件"
dsg,DOOM保存的文件
dsm,Dynamic Studio音乐模块（MOD）文件
dsp,Microsoft Developer Studio工程文件
dsq,Corel QUERY（查询）文件
dsw,Microsoft Developer Studio工作区文件
dtd,SGML文档类型定义（DTD）文件
dun,Microsoft拔号网络导出文件
dv,数字视频文件（MIME）
dxf,"可进行互交换的绘图文件格式,二进制的DWG格式的文本表示；数据交换文件"
dxr,Macromedia Director受保护（不可编辑）电影文件
eda,Ensoniq ASR磁盘映像
edd,元素定义文档（FrameMaker+SGML文档）
emd,ABT扩展模块
emf,Windows增强元文件
eml,Microsoft Outlook Express邮件消息（MIME RFC822）文件
ephtml,Perl解释增强HTML文件
eps,压缩的PostScript图像
exe,可执行文件（程序）
fav,Microsoft Outlook导航条
fax,传真类型图像
fcd,虚拟CD-ROM
fdf,A dobe Acrobat表单文档文件
"ffa,ffl,ffo,ffk",Microsoft快速查找文件
fif,Fractal图像文件
fla,Macromedia Flash电影
flc,Autodesk FLIC动画文件
pli,Autodesk FLIC动画
fm,Adobe FrameMaker文档
fml,文件镜象列表（GetRight）
fng,"字体组文件（字体导航器,Font Navigator）"
fnk,Funk Tracker模块格式
fon,系统字体
fot,字体相关文件
frm,Visual Basic From File
frt,Microsoft FoxPro报表文件
frx,Visual Basic表单文本；Microsoft FoxPro报表文件
ftg,"全文本搜索组文件,由Windows帮助系统查找时产生--可以删除,并在需要时重建起来"
fts,"全文本搜索引文件,由Windows帮助系统查找时产生"
gal,Corel多媒体管理器相集
gdb,InterBase数据库文件
gdm,铃声、口哨声和声音板模块格式
gem,GEM元文件
gen,Ventura产生的文本文件
getright,GetRight未完成的下载文件
"gfi,gfx",Genigraphics图形链接表示文件
gho,Norton 克隆磁盘映像
gif,CompuServe位图文件
gim,Genigraphics图形链接介绍文件
gkh,Ensoniq EPS家簇磁盘映像文件
gks,Gravis Grip Key文档
gl,动画格式
gna,Genigraphics图形链接介绍文件
gnt,"生成代码,Micro Focus属性格式里的可执行代码"
gnx,Genigraphics图形链接介绍文件
gra,Microsoft Graph文件
grf,Grapher（Golden Software公司）图形文件
grp,程序管理组
go,Go语言源文件
hcom,声音工具HCOM格式
hgl,HP图形语言绘图文件
hlp,帮助文件；Date CAD Windows帮助文件
hpj,Visual Basic帮助工程
hpp,C++程序头文件
hst,历史文件
ht,HyperTerminal（超级终端）
"htm,html",超文本文档
htt,Microsoft超文本模板
htx,扩展HTML模板
hta,HTML应用程序
icb,Targa位图文件
icc,Kodak打印机格式文件
icl,图标库文件
icm,图形颜色匹配配置文件
ico,Windows图标
idd,MIDI设备定义
idf,MIDI设备定义（Windows 95需要的文件）
idq,Internet数据查询文件
idx,Microsoft FoxPro相关数据库索引文件；Symantec Q&A相关数据库索引文件；Microsoft Outlook Express文件
iff,交换格式文件；Amiga ILBM
igs,初始图形交换说明文件
igf,插入系统元文件
ilbm,位图图形文件
ima,WinImage磁盘映像文件
inf,信息文件
ini,初始化文件
inrs,INRS远程通信声频
ins,InstallShield安装脚本
int,"中间代码,当一个源程序经过语法检查后编译产生一个可执行代码"
iqy,Microsoft Internet查询文件
iso,根据ISD 9660有关CD-ROM文件系统标准列出CD-ROM上的文件
ist,数字跟踪设备文件
isu,InstallShield卸装脚本
iwc,Install Watch文档
j62,Ricoh照相机格式
jar,Java档案文件
java,Java源文件
jbf,Paint Shop Pro图像浏览文件
"jff,jfif,jif",JPEG文件
jmp,SAS的JMPDiscovery表格统计文件
"jpe,jpeg,jpg",JPEG图形文件
js,Javascript源文件
jsp,"HTML网页,其中包含有对一个Java servlet的参考"
jtf,JPEG位图文件
k25,Kurzweil 2500抽样文件
kar,卡拉OK MIDI文件
kdc,Kodak光增强器
key,DataCAD图标工具条文件
kfx,KoFak Group 4图像文件
kiz,Kodak数字明信片文件
kkw,RoboHELP帮助工程索引设计器中与主题无关的K开头的所有关键字
kmp,Korg Trinity KeyMap文件
kqp,Konica照相机本地文件
lab,Visual dBASE标签文件
lbm,Deluxe Paint位图文件
"lbt,lbx",Microsoft FoxPro标签文件
ldb,Microsoft Access加锁文件
ldl,Corel Paradox分发库
leg,Legacy文档
lft,3D Studio（DOS）放样文件
lgo,Paintbrush（Microsoft画图应用程序）的徽标文件
lha,LZH更换文件后缀
lib,库文件
lin,DataCAD线型文件
lis,结构化查询报告（SQR）程序产生的输出文件
llx,Laplink交换代理
lnk,Windows快捷方式文件
log,日志文件
lst,列表文件
lu,ThoughtWing库单元文件
lyr,DataCAD层文件
lzh,LH ARC压缩档案
lzs,Skyroads数据文件
m1v,MPEG相关文件
m2,使用MPEG-2压缩编码的视频文件
m3u,MPEG URL（MIME声音文件）
m4v,苹果公司创造的视频文件格式
mad,Microsoft Access模块文件
maf,Microsoft Access表单文件
mam,Microsoft Access宏
map,映射文件；Duke Nukem 3D WAD游戏文件
maq,Microsoft Access查询文件
mar,Microsoft Access报表文件
mat,Microsoft Access表；3D Studio MAX材料库
mb1,Apogee Monster Bash数据文件
mbx,Microsoft Outlook保存email格式；Eudora邮箱
mcr,DataCAD键盘宏文件
mdb,Microsoft Access数据库
mde,Microsoft Access MDE文件
mdl,数字跟踪器音乐模块（MOD）文件；Quake模块文件
mdn,Microsoft Access空数据库模板
mdw,Microsoft Access工作组文件
mdz,Microsoft Access向导模板文件
mic,Microsoft Image Composer文件
mid,MIDI音乐
"mim,mime,mme","Internet邮件扩展格式的多用途文件,经常作为发送e-mail时在AOL里附件而创建的文件；在一个多区MIM文件里的文件能用WinZip或其他类似程序打开"
mli,3D Studio的材料库格式文件
mng,多映像网络图形
mnu,Visual dBASE菜单文件；Intertel Systems Interact菜单文件
mod,"Fast Tracker、Star Trekker、Noise Tracker（等等）音乐模块文件；Microsoft多计划电子表格；Amiga,PC磁道文件"
mov,QuickTime for Windows电影
mp2,第二层MPEG音频文件
mp3,第三层MPEG音频文件
mp4,第四层MPEG音频文件
mpa,"MPEG相关文件,MIME“mpeg类型”"
"mpe,mpeg,mpg",MPEG动画文件
mpp,Microsoft工程文件；CAD绘图文件格式
mpr,Microsoft FoxPro菜单（已编译）
msg,Microsoft邮件消息
msi,Windows Installe安装文件包
msn,Microsoft网络文档；Descent Mission文件
msp,Microsoft Paint（画图）位图文件；Windows Installer路径文件
mst,Windows 安装器传输文件
mtm,Multi 跟踪器音乐模块（MOD）文件
mxf,素材交换格式
nan,Nanoscope文件（Raw Grayscale）
nap,NAP元文件
ncb,Microsoft Developer Studio文件
ncd,Norton改变目录
ncf,NetWare命令文件；Lotus Notes内部剪切板
nff,中性文件格式
nft,NetObject Fusion模板文件
nil,Norton光标库文件（EasyIcons-兼容）
nist,NIST Sphere声音
nls,"用于本地化的国家语言支持文件（例如,Uniscape）"
nlu,Norton Live Update e-mail 触发器文件
ntx,CA-Clipper索引文件
nwc,Noteworthy Composer歌曲文件
nws,Microsoft Outlook Express新闻消息
obj,对象文件
ocx,Microsoft对象链接与嵌入定制控件
ods,Microsoft Outlook Express邮箱文件
ofn,Microsoft Office FileNew文件
oft,Microsoft Outlook模板
olb,OLE对象库
ole,OLE对象
oogl,面向对象图形库
opo,OPL输出可执行文件
p65,PageMaker 6.5文件
pab,Microsoft个人地址簿
part,Go!Zilla部分下载文件
pas,Pascal源代码
py,Python源代码
pyc,Python字节码文件
pyw,Python图形窗口文件
pbd,"PowerBuilder动态库,作为本地DLL的一个替代物"
pbl,用于在PowerBuilder开发环境中的PowerBuilder动态库
pbm,可导出位图
pbr,PowerBuilder资源
pcd,"Kodak Photo-CD映像；P-Code编译器测试脚本,由Microsoft测试与Microsoft Visual测试"
pcl,Hewlett-Packard 打印机控制语言文件（打印机备用位图）
pcm,声音文件格式；OKI MSM6376 合成芯片 PCM格式
pdd,可以用Paint Shop Pro或其他图像处理软件打开的图形图像
pdf,Adobe Acrobat 可导出文档格式文件（可用Web浏览器显示）；Microsoft系统管理服务器包定义文件；NetWare打印机定义文件
pfm,打印机字体尺度
pgl,HP绘图仪绘图文件
pgm,可输出灰度图（位图）
ph,由Microsoft帮助文件编译器产生的临时文件
"php,php3",包含有PHP脚本的HTML网页
phtml,包含有PHP脚本的HTML网页；由Perl分析解释的HTML
pic,PC画图位图；Lotus图片；Macintosh PICT绘图
"pjx,pjt",Microsoft Visual FoxPro工程文件
pkg,Microsoft Developer Studio应用程序扩展（与DLL文件类似）
png,可移植的网络图形位图；Paint Shop Pro浏览器目录
pot,Microsoft Powerpoint模块
ppa,Microsoft Powerpoint内插器
ppf,Turtle Beach的Pinnacle程序文件
ppm,可移植的象素映射位图
pps,Microsoft Powerpoint幻灯片放映
ppt,Microsoft Powerpoint 97-2003 幻灯片演示文稿
pptx,Microsoft Powerpoint2007 幻灯片演示文稿
prf,"Windows系统文件,Macromedia导演设置文件"
prg,dBASE Clipper和FoxPro程序源文件；WAVmaker程序
prj,3D Studio（DOS）工程文件
prn,打印表格（用空格分隔的文本）；DataCAD Windows打印机文件
prproj,Adobe Premiere Pro 项目文件
prt,"打印格式化文件；Pro,ENGINEER元件文件"
psd,Adobe photoshop位图文件
psp,Paint Shop Pro图像文件
pst,Microsoft Outlook个人文件夹文件
pwz,Microsoft Powerpoint向导
qic,Microsoft备份文件
qif,QuickTime相关图像（MIME）；Quicken导入文件
qlb,Quick库
qry,Microsoft查询文件
qtp,QuickTime优先文件
qtx,QuickTime相关图像
qw,Symantec Q&A Write程序文件
ra,RealAudio声音文件
ram,RealAudio元文件
rar,WINRAR压缩档案（Eugene Roshall格式）
rdf,资源描述框架文件（涉及XML和元数据）
reg,注册表文件
rep,Visual dBASE报表文件
res,Microsoft Visual C++资源文件
resmoncfg,资源监视器配置
rft,可修订的表单文本（IBM的DCA一部分或文档内容框架结构一部分）
"rgb,sgi",Silicon图形RGB文件
rm,RealAudio视频文件
rmd,Microsoft RegMaid文档
rpt,Microsoft Visual Basic Crystal报表文件
rtf,Rich Text格式文档
rul,InstallShield使用的扩展名
rvp,Microsoft Scan配置文件（MIME）
sav,游戏保存文件
sb2,scratch2.0文件
sb3,scratch3.0文件
sprite2,scratch2.0角色文件
sprite3,scratch3.0角色文件
sbl,Shockwave Flash对象文件
scc,Microsoft Source Safe文件
scf,Windows Explorer命令文件
scp,拨号网络脚本文件
scr,Windows屏幕保护；传真图像；脚本文件
sct,SAS目录（DOS）；Scitex CT位图；Microsoft FoxPro表单
scx,Microsoft FoxPro表单文件
sdt,SmartDraw模板
sdv,分号分隔的值文件
sdx,由SDX压缩的MIDI抽样转储标准文件
search-ms,已保存的搜索
searchconnector-ms,搜索连接器
sep,标签图像文件格式（TIFF）位图
settingcontent-ms,设置内容
sfd,SoundStage声音文件数据
sfi,Sound Stage声音文件信息
sfr,Sonic Foundry Sample资源
sfx,RAR自解压文件
sgml,标准通用标签语言
shg,热点位图
shtml,含有服务器端包括（SSI）的HTML文件
shw,Corel Show演示文稿
sig,符号文件
ska,PGP秘钥
skl,Macromedia导演者资源文件
sl,PACT的保存布局扩展名
so,Linux的共享库
spl,Shockwave Flash对象；DigiTrakker抽样
sqc,结构化查询语言（SQR）普通代码文件
sqr,结构化查询语言（SQR）程序文件
str,屏幕保护文件
swa,在Macromedia导演文件（MP3文件）中的Shockwave声音文件
swf,Shockwave Flash对象
sys,系统文件
syw,Yamaha SY系列波形文件
taz,"UNIX gzip,tape档案"
tga,Targa位图
theme,Windows桌面主题文件
thn,Graphics WorkShop for Windows速写
"tif,tiff",标签图像文件格式（TIFF）位图
tig,"虎形文件,美国政府用于分发地图"
tlb,OLE类型库
tmp,Windows临时文件
tol,Kodak照片增强器
tpl,CakeWalk声音模板文件；DataCAD模板文件
trm,终端文件
trn,MKS源完整性工程用法日志文件
ttf,TrueType字体文件
txt,文本文档；ASCⅡ文本格式的声音数据
txw,Yamaha TX16W波形文件
udf,"Windows NT,2000唯一性数据库文件"
ult,Ultra Tracker音乐模块（MOD）文件
url,Internet快捷方式文件
use,MKS源完整性文件
uwf,Ultra racker波形文件
vbp,Microsoft Visual Basic工程文件
vbs,Microsoft Visual Basic脚本语言
vbw,Microsoft Visual Basic工作区文件
vbx,Microsoft Visual Basic用户定制控件
"vct,vcx",Microsoft FoxPro类库
vda,Targa位图
vir,Norton Anti-Virus或其他杀毒产品用于标识被病毒感染的文件
viv,VivoActive Player流视频文件
vsd,Visio绘画文件（流程图或图解）
vsl,下载列表文件（GetRight）
vss,Visio模板文件
vst,Targa位图
vsw,Visio工作区文件
vxd,Microsoft Windows虚拟设备驱动程序
vba,Visual Basic的一种宏语言
vqf,Yamaha Sound-VQ文件（可能出现标准）
w3l,W3Launch文件
wab,Microsoft Outlook文件
wad,包含有视频、玩家水平和其他信息的DOOM游戏的大文件
wav,Windows波形声形
wbk,Microsoft Word备份文件
wcm,WordPerfect宏
wdb,Microsoft Works数据库
wfm,Visual dBASE Windows表单
wfn,在CorelDRAW中使用的符号
wil,WinImage文件
wiz,Microsoft Word向导
wll,Microsoft Word内插器
wma,Windows 音频格式
wmf,Windows元文件
wmv,Windows 媒体视频格式
wow,Grave Composer音乐模块（MOD）文件
wp,WordPerfect文档
wpd,WordPerfect文档或演示
wpf,可字处理文档
wpg,WordPerfect图形
wps,Microsoft Works文档
wpt,WordPerfect模板
wr1,书写器文档
wrk,Cakewalk音乐声音工程文件
wrl,虚拟现实模型
wrz,VRML文件对象
x,AVS图像格式
xar,CorelXARA绘画
xbm,MIME“xbitmap”图像
xi,Scream Tracker设备抽样文件
xla,Microsoft Excel内插器
xlb,Microsoft Excel工具条
xlc,Microsoft Excel图表
xld,Microsoft Excel对话框
xlk,Microsoft Excel备份
xll,Microsoft Excel内插器文件
xlm,Microsoft Excel宏
xls,Microsoft Office Excel 97-2003 工作表
xlsx,Microsoft Office Excel 2007 工作表
xlt,Microsoft Excel模板
xlv,Microsoft Excel VBA模块
xlw,"Microsoft Excel工作簿,工作区"
xnk,Microsoft Exchange快捷方式文件
xpm,X位图格式
xwd,X Windows转储格式
xwf,Yamaha XG Works文件（MIDI序列）
x16,"宏媒体扩展（程序扩展）,16位"
x32,"宏媒体扩展（程序扩展）,32位"
yal,Arts& Letters剪贴艺术库
z,UNIX gzip文件
zap,Windows软件安装配置文件
zip,Zip压缩文件
ica,Citrix文件
idb,MSDev中间层文件
iges,初始图形交换说明文件
iif,QuickBooks
img,GEM映像
imz,WinImage压缩磁盘映像文件
inc,汇编语言或动态服务器包含文件
inp,Oracle
iof,Findit文档
isp,X-Internet签字文件
it,脉冲跟踪系统音乐模块(MOD)文件
iti,脉冲跟踪系统设备
its,"脉冲跟踪系统抽样,Internet文档位置"
iv,Open
ivd,"超过20,20微观数据维数或变量等级文件"
ivp,"超过20,20的用户子集配置文件"
ivt,"超过20,20表或集合数据文件"
ivx,"超过20,20微数据目录文件"
iw,Idlewild屏幕保护程序
jn1,Epic
kr1,Kurzweil
krz,Kurzweil
ksf,Korg
kye,Kye游戏数据
les,Logitech娱乐系统游戏配置文件（与REC文件一样）
lpd,Helix
lrc,Intel可视电话文件
lsl,Corel
lsp,AutoLISP、CommonLISP和其他LISP语言文件
lvl,Parallax
lwlo,Lightwave分层对象文件
lwob,Lightwave对象文件
lwp,Lotus
lwsc,Lightwave视景文件
m3d,Corel
mac,MacPaint图像文件
mag,在一些[非法语句]本文件中发现的图形文件格式
magic,魔力邮件监视器配置文件
mak,Visual
man,UNIX手册页输出
mas,Lotus
maud,MAUD抽样格式
max,Kinetx的3DStudio
maz,"Hover迷路数据；Division的dVS,dVISE使用的文件格式"
mbox,Berkeley
mcc,Dailerl0呼叫卡
mcp,Metrowerks
mcw,Microsoft
mda,Microsoft
mdf,Alcohol的文件格式Wu
mds,Alcohol的文件格式J
med,"音乐编辑器,OctaMED音乐模块（MOD）文件"
mer,"电子表格,数据库数据交换格式；FileMaker、Excel及其他软件能识别"
met,表示管理器元文件
mfg,"Pro,ENGINEER制造文件"
mgf,在材料与几何学里的文件格式
"mhtm,mhtml",MHTML文档（MIME）
mi,杂项
mif,Adobe
miff,与机器无关格式文件
mmf,Meal
mmg,"超过20,20表或集会数据文件"
mmm,Microsoft多媒体电影
mmp,Mindmapor
mn2,Descent2任务文件
"mnd,mni",Mandelbort
"mnt,mnx",Microsoft
mri,MRI扫描文件
msa,魔术阴影档案
msdl,Manchester的场景描述语言
mul,Ultima在线
mus,音乐
mus10,Mus10声音
mvb,Microsoft多媒体查看器文件
mwp,Lotus
ndo,3D
netcdf,网络公用数据表单
nlb,Oracle
nlm,NetWare可装载模块
nod,NetObject
nsf,Lotus
nso,NetObject
nst,Noise
ns2,Lotus
ntf,Lotus
o01,台风声音文件
obd,Microsoft
obz,Microsoft
off,3D
okt,Oktalyzer音乐模块（MOD）文件
opl,"组织者编程语言源文件――Psion,Symbian"
opt,Microsoft
opx,OPL扩展DLL（动态链接库）
ora,Oracle
orc,Oracle
org,Lotus
or2,Lotus
or3,Lotus
oss,Microsoft
ost,Microsoft
otl,Super
out,C语言输出文件
continue,V@BEA
p3,Primavera
p10,Tektronix
p7c,Digital
pac,SB
pak,Quake
pal,压缩文件
pat,DataCAD
pbf,Turtle
pbk,Microsoft
pce,Maps
pcp,Symantec
pcs,PICS动画文件
pct,Macintosh
pcx,Zsoft
pdb,3Com
pdp,Broderbund的Print
pdq,Patton&Patton
pds,摄影图像文件（该文件格式的来源不清楚）
pf,Aladdin系统对私人文件进行加密的文件
pfa,类型1字体（ASCⅡ）
pfb,类型1字体（二进制）
pfc,PF组件
pgd,良好隐私（Pretty
pgp,用良好隐私（PGP）算法加密文件
pict,Macintosh
pif,程序信息文件；IBM
pig,LucasArts的Dark
pin,Epic
pix,内置系统位图
pj,MKS源完整性文件
pkr,PGP的公用钥匙环
pl,Perl程序
plg,"由REND386,AVRIL使用的文件格式"
plm,Discorder
pls,Disorder
plt,HPGL绘图仪绘图文件；AutoCAD
pm5,Pagemaker
pm6,Pagemaker
"pnt,pntg",MacPaint图形文件
pog,Descent2
pol,Windows
pop,Visual
pov,视频射线跟踪器暂留
pp4,Picture
ppp,Parson
pqi,PowerQuest驱动器图像文件
prc,3COM
pre,Lotus
prp,Oberson的Prospero数据转换产品保存的工程文件
prs,Harvard
prv,PsiMail
prz,Lotus
ps,Postscript格式化文件（PostScript打印机可读文件）
psb,Pinnacle
psi,PSION
psm,Protracker
ptd,"Pro,ENGINEER表格文件"
ptm,Polytracker音乐模块（MOD）文件
pub,Ventura
pwd,Microsoft
pwl,Windows
pwp,Photoworks图像文件（能被Photoworks浏览的一系列文件）
pxl,Microsoft
qad,PF
qbw,QuickBooks
qdt,来自Quicken
qd3d,Apple的QuickDraw
qfl,FAMILY
qm,Quality
qst,Quake
"qt,qtm",QuickTime电影
"qti,qtif",QuickTime相关图像
qts,Mac
qxd,Quark
r,Pegasus邮件资源文件
ras,Sun光栅图像位图
raw,RAW文件格式（位图）；Raw标识的PCM数据
rbh,"由RoboHELP维持的RBH文件,它加入到一个帮助工程文件的信息中"
rdl,Descent注册水平文件
rec,录音机宏；RapidComm声音文件
rle,Run-Length编码的位图
rl2,Descent2注册水平文件
rmf,Rich
rmi,M1D1音乐
rom,基于盒式磁带的家庭游戏仿真器文件（来自Atari
rov,Rescue
rpm,RedHat包管理器包（用于Linux）
rrs,Ace
rsl,Borland的Paradox
rsm,WinWay
rtk,RoboHELP使用的用来模拟Windows帮助的搜索功能
rtm,Real
rts,RealAudio的RTSL文档；RoboHELP对复杂操作进行加速
rxx,多卷档案上的RAR压缩文件（xx=
s3i,Scream
s3m,Scream
sam,Ami专业文档；8位抽样数据)\
sb,原始带符号字节（8位）数据
sbk,Creative
sc2,Microsoft
sc3,SimCity
scd,"Matrix,Imapro"
sch,Microsoft
sci,ScanVec
scn,TRUE
sct01,SAS目录（UNIX）
scv,ScanVec
sd,Sound
sd2,Sound
sdf,系统数据文件格式―Legacy
sdk,Roland
sdl,Smart
sdr,Smart
sds,原始Midi抽样转储标准文件
sdw,Lotus
sea,自解压档案（Stufflt
ses,Cool
sf,IRCAM声音文件格式
sf2,Emu
sfw,Seattle电影工程（损坏的JPEG）
shb,Corel
shp,3D
shs,Shell
xml,具有结构性的标记电子文件
json,轻量级的数据交换格式，层次结构简洁和清晰
phps,php的源代码文件
project,eclipse的工程信息文件
classpath,eclipse项目编译环境的所有信息记录文件
svn,subversion的版本控制信息文件
gitignore,git软件要忽略的文件列表
sh,UNIX/LINUX
deb,Debain
dmg,Mac系统中的软件安装程序文件
ko,linux内核使用的动态连接文件
gz,Linux和OSX都可以直接解压使用的一种压缩文件
tar,"把多个文件或文件夹打包合成一个文件,本身并没有进行压缩"
tar.gz,tar打包，gzip压缩的一种压缩文件，linux和mocOS下常见
7z,主流高效的压缩格式
htm,网页文件
html,网页文件
css,展现html或xml的样式文件
jpg,全名JPEG，以24 位颜色存储单个位图，优点（文件小，色彩比较丰富利于网络传输），缺点（不支持透明背景，不支持动态图片）
tif,印刷行业中受到支持最广的图形文件格式
rmvb,RealMedia多媒体数字容器格式的可变比特率（VBR）扩展版本，较上一代RM格式画面要清晰很多，降低了静态画面下的比特率
mpg,运动图像压缩算法的视频格式
mpeg,mpg全称，（Moving Pictures Experts Group）即动态图像专家组
js.map,js打包
zip.tar.gz,
zip.7z,
zip.rar,
